order_id,date,time,order_type,branch_code,order_items,order_price,customer_lat,customer_lon,customerHasloyalty?,distance_to_customer_KM,delivery_fee
ORDJ08358,2018-12-10,19:19:26,Dinner,TP,"[('Pasta', 9), ('Fish&Chips', 5), ('Salmon', 6), ('Shrimp', 7)]",1046.5,-37.8222831,144.9498288,0,8.672,13.5303734
ORDX08839,2018-09-13,16:27:02,Dinner,BK,"[('Shrimp', 8), ('Pasta', 4)]",542.0,-37.800868,144.9535731,0,8.587,15.290660399999998
ORDX01391,2018-11-27,18:59:09,Dinner,BK,"[('Pasta', 6), ('Shrimp', 6)]",489.0,-37.8116759,144.9454851,0,9.331,16.133834
ORDX00611,2018-10-09,17:17:44,Dinner,BK,"[('Pasta', 3), ('Shrimp', 6), ('Fish&Chips', 8), ('Salmon', 10)]",1096.5,-37.812309899999995,144.9514126,0,8.682,15.429059599999999
ORDB04695,2018-04-22,11:32:57,Breakfast,TP,"[('Pancake', 1), ('Coffee', 1), ('Cereal', 3)]",94.75,-37.8203539,144.9699435,0,7.721,11.813878599999999
ORDY05973,2018-05-22,12:33:48,Lunch,TP,"[('Fries', 2), ('Chicken', 9), ('Salad', 6), ('Steak', 2)]",505.2,-37.817948799999996,144.9905544,0,9.772,12.6426696
ORDY07699,2018-06-10,13:14:21,Lunch,TP,"[('Burger', 8), ('Fries', 2)]",272.0,-37.8150557,144.9451777,0,9.548,14.52595
ORDY00060,2018-12-05,19:09:17,Dinner,TP,"[('Shrimp', 4), ('Fish&Chips', 6)]",426.0,-37.818800599999996,144.9549405,0,8.336,12.111393699999999
ORDB05730,2018-03-14,10:21:58,Breakfast,TP,"[('Coffee', 7), ('Pancake', 3)]",125.25,-37.8195096,144.98485480000002,0,9.291,12.0459843
ORDJ05344,2018-02-08,09:10:59,Breakfast,TP,"[('Coffee', 5), ('Eggs', 9), ('Cereal', 9)]",424.5,-37.821673,144.9811432,0,8.707,11.7389198
ORDA09697,2018-07-18,14:35:29,Lunch,BK,"[('Burger', 8), ('Fries', 8)]",344.0,-37.811839299999995,145.0116848,0,3.512,9.6162659
ORDC09956,2018-03-07,10:01:41,Breakfast,NS,"[('Pancake', 9), ('Cereal', 10), ('Coffee', 1), ('Eggs', 6)]",567.75,-37.8051575,144.9682948,0,6.707000000000001,11.7937379
ORDA02231,2018-10-09,17:17:44,Dinner,BK,"[('Pasta', 1), ('Salmon', 6), ('Fish&Chips', 1)]",308.5,-37.812314,144.9519583,0,8.621,15.451870000000001
ORDJ00741,2018-05-04,12:03:22,Lunch,TP,"[('Chicken', 1), ('Salad', 7)]",152.4,-37.8000624,144.93524399999998,0,13.645,16.6975232
ORDI06259,2018-01-21,08:40:33,Breakfast,NS,"[('Pancake', 10), ('Cereal', 10), ('Eggs', 8)]",628.5,-37.803129299999995,144.9665929,0,6.678,13.5736663
ORDB05355,2018-09-25,16:47:19,Dinner,TP,"[('Fish&Chips', 6), ('Shrimp', 5), ('Pasta', 1), ('Salmon', 6)]",753.5,-37.832819,144.9905243,0,9.834,13.757918300000002
ORDZ08548,2018-08-31,15:56:37,Lunch,NS,"[('Chicken', 6), ('Burger', 6), ('Steak', 9)]",783.0,-37.80473370000001,144.96180090000001,0,7.257999999999999,12.8703086
ORDA04550,2018-09-11,16:27:02,Dinner,BK,"[('Salmon', 10), ('Pasta', 7)]",602.5,-37.8004896,144.9905208,0,5.9270000000000005,13.3237421
ORDA10333,2018-08-16,15:26:11,Lunch,BK,"[('Steak', 8), ('Burger', 5), ('Chicken', 3)]",611.0,-37.809744200000004,144.9912476,0,4.914,10.6744946
ORDC09864,2018-04-09,11:12:40,Breakfast,NS,"[('Cereal', 9), ('Pancake', 9), ('Coffee', 5), ('Eggs', 10)]",664.75,-37.81140870000001,144.97494619999998,0,7.678999999999999,12.1117051
ORDY09218,2018-09-13,16:27:02,Dinner,TP,"[('Shrimp', 1), ('Salmon', 1), ('Fish&Chips', 1)]",130.0,-37.800868,144.9535731,0,9.896,13.8745566
ORDJ00122,2018-10-17,17:38:01,Dinner,TP,"[('Shrimp', 6), ('Pasta', 9), ('Salmon', 3)]",694.5,-37.8012765,144.9491295,0,10.243,14.1481405
ORDC04913,2018-04-06,11:02:32,Breakfast,NS,"[('Coffee', 5), ('Eggs', 1)]",59.5,-37.803495700000006,144.94973430000002,0,8.316,13.597795699999999
ORDC04278,2018-09-20,16:37:10,Dinner,NS,"[('Fish&Chips', 4), ('Shrimp', 4), ('Salmon', 3)]",479.0,-37.8242654,145.0149792,0,11.904000000000002,17.4874813
ORDZ02781,2018-10-30,17:58:18,Dinner,NS,"[('Pasta', 9), ('Salmon', 5), ('Shrimp', 1), ('Fish&Chips', 2)]",576.5,-37.807309000000004,144.99881069999998,0,9.099,15.0786736
ORDC05705,2018-08-03,15:05:54,Lunch,NS,"[('Burger', 3), ('Fries', 8), ('Steak', 4), ('Salad', 9), ('Chicken', 3)]",619.8,-37.8231612,144.95174640000002,0,9.822000000000001,14.773219099999999
ORDJ00590,2018-02-22,09:41:24,Breakfast,TP,"[('Pancake', 5), ('Cereal', 9), ('Eggs', 7)]",464.25,-37.8156898,145.0068825,0,11.485999999999999,14.1102459
ORDA04808,2018-07-23,14:45:38,Lunch,BK,"[('Fries', 4), ('Burger', 2), ('Steak', 2)]",200.0,-37.8081859,144.94780740000002,0,9.029,14.332220999999999
ORDC06097,2018-01-26,08:50:42,Breakfast,NS,"[('Pancake', 9), ('Cereal', 5)]",323.25,-37.81538320000001,144.96299419999997,0,8.214,13.3753721
ORDC09152,2018-09-17,16:37:10,Dinner,NS,"[('Fish&Chips', 3), ('Salmon', 5)]",310.0,-37.822570500000005,144.9526419,0,9.831,16.0878732
ORDJ03746,2018-08-16,15:26:11,Lunch,TP,"[('Burger', 7), ('Steak', 8), ('Chicken', 6), ('Salad', 1)]",786.2,-37.811421700000004,145.0098267,0,11.892000000000001,15.213661300000002
ORDY10137,2018-06-01,12:54:05,Lunch,TP,"[('Salad', 3), ('Chicken', 8), ('Steak', 8)]",667.6,-37.8213485,144.95376130000002,0,8.305,11.712565699999999
ORDX06402,2018-02-15,09:21:07,Breakfast,BK,"[('Coffee', 9), ('Pancake', 9)]",285.75,-37.8118825,144.9695648,0,7.166,12.044509699999999
ORDY08429,2018-10-06,17:07:36,Dinner,TP,"[('Pasta', 1), ('Shrimp', 6), ('Salmon', 5)]",556.5,-37.8193592,144.983149,0,9.142999999999999,14.7807642
ORDX10304,2018-06-20,13:34:38,Lunch,BK,"[('Salad', 3), ('Chicken', 9)]",339.6,-37.805888,144.9561775,0,8.043,14.123628899999998
ORDB04724,2018-07-28,14:55:46,Lunch,TP,"[('Fries', 2), ('Burger', 3), ('Chicken', 2), ('Salad', 6)]",284.2,-37.804910299999996,144.9882321,0,10.59,15.226382300000001
ORDZ10437,2018-07-30,14:55:46,Lunch,NS,"[('Salad', 3), ('Burger', 8), ('Steak', 3), ('Chicken', 4)]",562.6,-37.8239657,144.9595061,0,9.656,15.3465286
ORDC10200,2018-09-14,16:27:02,Dinner,NS,"[('Pasta', 8), ('Salmon', 10), ('Shrimp', 5), ('Fish&Chips', 10)]",1250.0,-37.8151294,144.93525469999997,0,10.104,15.9774392
ORDJ00926,2018-04-16,11:22:49,Breakfast,TP,"[('Eggs', 1), ('Cereal', 4), ('Coffee', 1)]",113.5,-37.8104709,144.96890159999998,0,8.796,11.4675413
ORDK10110,2018-10-15,17:27:53,Dinner,BK,"[('Shrimp', 4), ('Salmon', 9), ('Fish&Chips', 10)]",935.0,-37.8218104,144.9925744,0,5.787000000000001,12.531161500000001
ORDJ04160,2018-04-26,11:43:05,Breakfast,TP,"[('Coffee', 7), ('Eggs', 10), ('Cereal', 7), ('Pancake', 2)]",468.0,-37.8179402,144.9660917,0,7.6129999999999995,10.5429171
ORDA05747,2018-09-12,16:27:02,Dinner,BK,"[('Shrimp', 9), ('Pasta', 6)]",651.0,-37.8038491,144.9181006,0,11.587,18.841205300000002
ORDJ01726,2018-02-09,09:10:59,Breakfast,TP,"[('Cereal', 5), ('Coffee', 3)]",127.5,-37.812881700000005,144.96796930000002,0,8.417,11.2461838
ORDB01819,2018-10-31,17:58:18,Dinner,TP,"[('Fish&Chips', 2), ('Salmon', 10)]",480.0,-37.8044173,144.93469109999998,0,10.914000000000001,14.980259400000001
ORDC04827,2018-09-20,16:37:10,Dinner,NS,"[('Pasta', 2), ('Fish&Chips', 8), ('Salmon', 8)]",663.0,-37.8238776,145.0137335,0,11.825999999999999,17.8441694
ORDI04069,2018-04-29,11:53:14,Breakfast,NS,"[('Coffee', 1), ('Cereal', 2), ('Pancake', 4)]",146.5,-37.817489,145.00543430000002,0,10.537,17.1872979
ORDY01150,2018-01-19,08:30:25,Breakfast,TP,"[('Cereal', 6), ('Pancake', 2)]",174.5,-37.8143802,144.9382043,1,10.327,5.9201401
ORDK08812,2018-03-27,10:42:15,Breakfast,BK,"[('Pancake', 8), ('Cereal', 7)]",341.0,-37.8200469,144.95476619999997,0,8.633,13.576877300000001
ORDZ00564,2018-11-22,18:49:00,Dinner,NS,"[('Pasta', 9), ('Fish&Chips', 4), ('Shrimp', 1), ('Salmon', 4)]",605.5,-37.81136420000001,144.9734909,0,7.482,13.3746321
ORDJ08053,2018-10-12,17:27:53,Dinner,TP,"[('Salmon', 7), ('Pasta', 5), ('Shrimp', 4), ('Fish&Chips', 2)]",710.5,-37.820125899999994,144.9803681,0,9.705,13.781196
ORDK09765,2018-07-09,14:15:12,Lunch,BK,"[('Fries', 1), ('Steak', 3), ('Burger', 2)]",209.0,-37.816609,144.9494845,0,9.149,15.705387599999998
ORDK00909,2018-02-26,09:51:32,Breakfast,BK,"[('Pancake', 5), ('Cereal', 3), ('Eggs', 1), ('Coffee', 9)]",273.75,-37.823594899999996,144.9671315,0,8.17,13.333902499999999
ORDY07066,2018-06-25,13:44:47,Lunch,TP,"[('Steak', 9), ('Burger', 3), ('Salad', 2), ('Chicken', 9), ('Fries', 2)]",844.4,-37.8243049,144.9844019,0,8.952,12.4534164
ORDJ01710,2018-04-04,11:02:32,Breakfast,TP,"[('Eggs', 8), ('Cereal', 8), ('Coffee', 7), ('Pancake', 6)]",542.0,-37.8168287,144.9823523,0,9.102,11.4826322
ORDI04091,2018-04-25,11:43:05,Breakfast,NS,"[('Eggs', 5), ('Cereal', 1), ('Coffee', 10), ('Pancake', 3)]",278.75,-37.8191695,144.952764,0,9.309,14.2103798
ORDA01452,2018-05-20,12:33:48,Lunch,BK,"[('Salad', 7), ('Steak', 2)]",210.4,-37.802587,144.9349985,0,10.911,19.3902662
ORDY09183,2018-04-27,11:43:05,Breakfast,TP,"[('Pancake', 5), ('Cereal', 5)]",226.25,-37.8134421,144.96542150000002,0,8.232999999999999,11.0777372
ORDK03033,2018-02-08,09:10:59,Breakfast,BK,"[('Cereal', 2), ('Eggs', 7), ('Pancake', 9), ('Coffee', 2)]",429.25,-37.820799900000004,144.97941469999998,0,7.062,11.7632781
ORDB02505,2018-09-29,16:57:27,Dinner,TP,"[('Pasta', 5), ('Shrimp', 1), ('Salmon', 5), ('Fish&Chips', 5)]",571.5,-37.8014039,144.94835780000003,0,10.199,16.105529699999998
ORDB00707,2018-08-25,15:46:28,Lunch,TP,"[('Steak', 2), ('Burger', 1), ('Salad', 5), ('Fries', 3), ('Chicken', 9)]",531.0,-37.81733079999999,144.9688157,0,7.9910000000000005,13.364899900000001
ORDA01333,2018-03-05,10:01:41,Breakfast,BK,"[('Pancake', 7), ('Eggs', 7), ('Cereal', 4), ('Coffee', 8)]",467.75,-37.791484499999996,144.9367602,0,10.889000000000001,15.8123361
ORDC08023,2018-06-25,13:44:47,Lunch,NS,"[('Steak', 7), ('Chicken', 8), ('Burger', 2), ('Fries', 4)]",681.0,-37.8245305,144.9829281,0,9.408,14.5366427
ORDX07423,2018-06-14,13:24:30,Lunch,BK,"[('Fries', 1), ('Salad', 8), ('Steak', 2), ('Chicken', 5)]",399.6,-37.8225768,144.9719802,0,7.775,13.0838543
ORDZ09460,2018-01-02,08:00:00,Breakfast,NS,"[('Eggs', 2), ('Cereal', 7), ('Pancake', 7)]",360.75,-37.8151591,144.93646280000002,1,9.96,7.5422011
ORDB09086,2018-06-06,13:04:13,Lunch,TP,"[('Salad', 5), ('Steak', 10), ('Fries', 2)]",560.0,-37.799920799999995,144.9878654,0,10.933,14.2375823
ORDI07083,2018-06-12,13:24:30,Lunch,NS,"[('Fries', 10), ('Salad', 7), ('Burger', 10), ('Chicken', 3), ('Steak', 8)]",1006.4,-37.8164233,144.94479280000002,0,9.615,15.079390799999999
ORDZ04847,2018-06-13,13:24:30,Lunch,NS,"[('Chicken', 3), ('Fries', 3), ('Steak', 1), ('Burger', 5), ('Salad', 1)]",349.2,-37.811949600000005,145.0119796,0,10.665,16.335419899999998
ORDY01284,2018-08-23,15:46:28,Lunch,TP,"[('Steak', 2), ('Chicken', 2), ('Salad', 10), ('Fries', 6), ('Burger', 10)]",708.0,-37.82313,144.98849850000002,0,9.279,11.4588011
ORDJ06185,2018-11-16,18:28:43,Dinner,TP,"[('Fish&Chips', 2), ('Shrimp', 3), ('Salmon', 2), ('Pasta', 4)]",424.0,-37.8154393,145.0045007,0,11.277999999999999,14.8790443
ORDA08606,2018-03-22,10:32:06,Breakfast,BK,"[('Cereal', 2), ('Pancake', 8), ('Eggs', 7)]",390.0,-37.8145419,145.0139865,0,3.784,8.6255348
ORDY01376,2018-12-01,19:09:17,Dinner,TP,"[('Fish&Chips', 4), ('Salmon', 8), ('Pasta', 1)]",495.5,-37.8003331,145.00559280000002,0,12.380999999999998,17.2465442
ORDX02951,2018-09-17,16:37:10,Dinner,BK,"[('Pasta', 2), ('Shrimp', 5)]",325.0,-37.8163285,144.96883219999998,0,7.314,13.936933900000001
ORDC06738,2018-05-12,12:13:31,Lunch,NS,"[('Steak', 7), ('Burger', 1), ('Salad', 1), ('Fries', 8)]",459.2,-37.802018200000006,144.96527450000002,0,6.704,14.281533
ORDJ05017,2018-10-28,17:58:18,Dinner,TP,"[('Fish&Chips', 6), ('Pasta', 1), ('Shrimp', 10), ('Salmon', 5)]",982.5,-37.808947499999995,144.9487102,0,9.68,14.7438919
ORDI10643,2018-11-05,18:08:27,Dinner,NS,"[('Shrimp', 4), ('Pasta', 6)]",381.0,-37.8193708,144.9818883,0,8.912,14.570277599999999
ORDZ01753,2018-12-02,19:09:17,Dinner,NS,"[('Salmon', 7), ('Shrimp', 1), ('Fish&Chips', 7)]",586.0,-37.81877070000001,145.0146248,0,11.59,20.020923899999996
ORDX04910,2018-03-16,10:21:58,Breakfast,BK,"[('Coffee', 9), ('Cereal', 2), ('Eggs', 1)]",131.5,-37.796615,145.009143,0,5.398,9.970016900000001
ORDA08923,2018-06-03,13:04:13,Lunch,BK,"[('Steak', 2), ('Burger', 7), ('Chicken', 2)]",371.0,-37.802035700000005,144.9824299,0,6.445,15.063365
ORDY00756,2018-06-03,13:04:13,Lunch,TP,"[('Burger', 4), ('Salad', 8), ('Fries', 4), ('Steak', 2)]",399.6,-37.8051282,144.97233219999998,0,9.684,14.1723355
ORDC09925,2018-08-23,15:46:28,Lunch,NS,"[('Steak', 8), ('Burger', 9)]",639.0,-37.8231775,144.9884654,0,9.434,14.553328400000002
ORDJ09913,2018-02-03,09:00:50,Breakfast,TP,"[('Cereal', 3), ('Pancake', 9), ('Coffee', 4), ('Eggs', 8)]",487.25,-37.8239721,144.99108959999998,0,9.51,12.996372500000001
ORDX05190,2018-07-27,14:45:38,Lunch,BK,"[('Chicken', 6), ('Fries', 10), ('Salad', 9), ('Burger', 2), ('Steak', 10)]",978.8,-37.801292700000005,144.9629735,0,8.048,13.6373226
ORDA09832,2018-06-22,13:34:38,Lunch,BK,"[('Steak', 6), ('Salad', 9), ('Chicken', 10)]",744.8,-37.8097225,144.99030109999998,0,4.998,11.007648399999999
ORDI08976,2018-09-26,16:47:19,Dinner,NS,"[('Shrimp', 1), ('Pasta', 5), ('Salmon', 8)]",519.5,-37.81033239999999,144.9496246,0,8.667,14.919948800000002
ORDX06275,2018-04-03,11:02:32,Breakfast,BK,"[('Cereal', 9), ('Coffee', 2), ('Pancake', 7), ('Eggs', 5)]",483.75,-37.8127105,144.9902935,0,5.231,10.5479352
ORDB08467,2018-10-05,17:07:36,Dinner,TP,"[('Pasta', 2), ('Shrimp', 10), ('Fish&Chips', 5), ('Salmon', 9)]",1139.0,-37.8110427,144.9589884,0,8.67,13.1744987
ORDA10231,2018-09-09,16:16:54,Dinner,BK,"[('Fish&Chips', 1), ('Salmon', 7), ('Shrimp', 2)]",430.0,-37.8083158,144.9788115,0,6.032,15.195233300000002
ORDX08279,2018-08-14,15:26:11,Lunch,BK,"[('Salad', 6), ('Chicken', 3), ('Burger', 10), ('Fries', 9), ('Steak', 8)]",977.2,-37.8129024,144.9723661,0,6.952000000000001,12.968194800000001
ORDJ02802,2018-04-20,11:32:57,Breakfast,TP,"[('Cereal', 3), ('Eggs', 8), ('Pancake', 1), ('Coffee', 4)]",293.25,-37.8259129,144.99443119999998,0,9.8,12.3634825
ORDA05992,2018-11-18,18:38:52,Dinner,BK,"[('Fish&Chips', 7), ('Shrimp', 1), ('Salmon', 8), ('Pasta', 8)]",847.0,-37.8006517,144.96942119999997,0,7.605,16.9531925
ORDB10602,2018-09-12,16:27:02,Dinner,TP,"[('Pasta', 9), ('Fish&Chips', 10)]",597.5,-37.807049799999994,144.96530149999998,0,9.065,13.3465031
ORDJ05964,2018-12-09,19:19:26,Dinner,TP,"[('Salmon', 4), ('Shrimp', 6), ('Fish&Chips', 10)]",838.0,-37.8008906,144.9194911,0,12.335,17.2722193
ORDJ01189,2018-08-20,15:36:20,Lunch,TP,"[('Chicken', 10), ('Steak', 3), ('Burger', 2)]",517.0,-37.804107,144.9483779,0,9.894,13.4555068
ORDI09574,2018-07-23,14:45:38,Lunch,NS,"[('Fries', 3), ('Steak', 4), ('Salad', 8), ('Chicken', 10), ('Burger', 1)]",704.6,-37.824904100000005,145.0086064,0,11.405,17.2149253
ORDJ07428,2018-12-08,19:19:26,Dinner,TP,"[('Shrimp', 8), ('Fish&Chips', 1)]",467.0,-37.805337,144.950642,0,9.658,14.491522400000001
ORDX00520,2018-09-20,16:37:10,Dinner,BK,"[('Pasta', 10), ('Salmon', 5)]",480.0,-37.819869,144.96510419999998,0,7.86,14.4920147
ORDB05880,2018-03-23,10:42:15,Breakfast,TP,"[('Pancake', 8), ('Eggs', 7), ('Cereal', 8), ('Coffee', 7)]",568.5,-37.8207565,144.98482130000002,0,9.095,12.013670199999998
ORDK07668,2018-03-12,10:11:49,Breakfast,BK,"[('Cereal', 1), ('Pancake', 5)]",142.25,-37.815309,144.9459185,0,9.129,13.9033136
ORDK01809,2018-12-05,19:09:17,Dinner,BK,"[('Salmon', 10), ('Fish&Chips', 1)]",445.0,-37.8207182,144.954738,0,8.636000000000001,15.4177542
ORDB10093,2018-11-06,18:18:35,Dinner,TP,"[('Fish&Chips', 7), ('Salmon', 5), ('Pasta', 7), ('Shrimp', 4)]",858.5,-37.8124336,144.9621758,0,8.245,12.789582300000001
ORDZ08916,2018-03-03,10:01:41,Breakfast,NS,"[('Pancake', 4), ('Cereal', 7)]",244.0,-37.8247011,144.99065530000001,0,9.76,17.092139399999997
ORDX06227,2018-09-09,16:16:54,Dinner,BK,"[('Salmon', 10), ('Pasta', 1), ('Fish&Chips', 8), ('Shrimp', 5)]",987.5,-37.818092,145.004087,0,4.439,13.4691024
ORDB04781,2018-11-02,18:08:27,Dinner,TP,"[('Fish&Chips', 3), ('Shrimp', 9), ('Pasta', 9), ('Salmon', 4)]",1002.5,-37.8104033,144.9990862,0,10.959000000000001,14.7998081
ORDX07301,2018-06-15,13:24:30,Lunch,BK,"[('Chicken', 5), ('Steak', 4), ('Fries', 10)]",460.0,-37.815447999999996,144.96657030000003,0,7.52,13.823020600000001
ORDY02065,2018-07-20,14:35:29,Lunch,TP,"[('Chicken', 4), ('Salad', 9), ('Fries', 9), ('Steak', 8), ('Burger', 5)]",905.8,-37.818045700000006,144.9537799,0,8.516,12.0505916
ORDZ10699,2018-05-05,12:03:22,Lunch,NS,"[('Fries', 1), ('Burger', 10), ('Chicken', 2), ('Salad', 7), ('Steak', 5)]",731.4,-37.8198249,144.99543469999998,0,9.912,17.7335343
ORDX07429,2018-01-21,08:40:33,Breakfast,BK,"[('Pancake', 8), ('Coffee', 10), ('Eggs', 9), ('Cereal', 6)]",593.0,-37.8150344,144.96411519999998,0,7.712000000000001,15.0690478
ORDY05899,2018-09-03,16:06:45,Dinner,TP,"[('Fish&Chips', 9), ('Salmon', 3), ('Pasta', 5), ('Shrimp', 3)]",737.5,-37.8127385,144.9650912,0,8.29,12.2082897
ORDJ09886,2018-11-18,18:38:52,Dinner,TP,"[('Fish&Chips', 5), ('Salmon', 8), ('Pasta', 6)]",668.0,-37.813186200000004,145.01425659999998,0,12.425999999999998,17.7895002
ORDC08011,2018-10-01,16:57:27,Dinner,NS,"[('Pasta', 10), ('Salmon', 1), ('Fish&Chips', 10)]",666.0,-37.802285299999994,145.00331709999998,0,9.261000000000001,14.765275400000002
ORDJ03162,2018-09-30,16:57:27,Dinner,TP,"[('Shrimp', 8), ('Pasta', 9)]",679.5,-37.824652,144.9920064,0,9.722000000000001,15.46597
ORDK01882,2018-08-16,15:26:11,Lunch,BK,"[('Steak', 5), ('Fries', 5), ('Salad', 5), ('Burger', 8)]",619.0,-37.8094795,144.9756838,0,6.391,12.2398861
ORDC08071,2018-10-05,17:07:36,Dinner,NS,"[('Fish&Chips', 5), ('Shrimp', 10), ('Salmon', 6)]",961.0,-37.808030200000005,144.9572923,0,7.91,14.5125815
ORDB09181,2018-04-30,11:53:14,Breakfast,TP,"[('Pancake', 4), ('Cereal', 9)]",286.0,-37.8064925,144.9518085,0,9.505,11.7456925
ORDJ10964,2018-03-03,10:01:41,Breakfast,TP,"[('Cereal', 1), ('Eggs', 4), ('Coffee', 3)]",131.5,-37.824608000000005,144.99058369999997,0,9.398,13.4318559
ORDA00005,2018-11-25,18:49:00,Dinner,BK,"[('Shrimp', 8), ('Pasta', 2), ('Fish&Chips', 1)]",522.0,-37.823789500000004,144.9574481,0,9.126,18.408719899999998
ORDC10007,2018-07-19,14:35:29,Lunch,NS,"[('Burger', 6), ('Chicken', 8), ('Fries', 3), ('Salad', 3)]",529.6,-37.8067537,144.91075800000002,0,12.125,17.6056754
ORDA09933,2018-10-21,17:38:01,Dinner,BK,"[('Shrimp', 5), ('Fish&Chips', 10)]",620.0,-37.7999196,144.9626861,0,8.152000000000001,17.340245899999996
ORDX03764,2018-01-18,08:30:25,Breakfast,BK,"[('Eggs', 4), ('Cereal', 8)]",256.0,-37.820241100000004,145.0151131,1,4.419,4.4309254000000005
ORDX08016,2018-03-07,10:11:49,Breakfast,BK,"[('Coffee', 4), ('Cereal', 6), ('Pancake', 8), ('Eggs', 9)]",548.0,-37.8078997,144.97338169999998,0,6.496,11.7024916
ORDB05509,2018-08-20,15:36:20,Lunch,TP,"[('Steak', 10), ('Chicken', 3), ('Salad', 2), ('Fries', 5), ('Burger', 6)]",826.4,-37.804659,144.95343119999998,0,9.562999999999999,12.8567263
ORDK09282,2018-08-08,15:16:03,Lunch,BK,"[('Steak', 3), ('Salad', 2)]",169.4,-37.8029968,144.94942939999999,0,8.756,14.3786785
ORDA05836,2018-11-13,18:28:43,Dinner,BK,"[('Shrimp', 1), ('Pasta', 10), ('Salmon', 5)]",534.0,-37.806392100000004,144.9444966,0,9.198,16.1428771
ORDJ05742,2018-12-26,19:49:51,Dinner,TP,"[('Fish&Chips', 6), ('Salmon', 9)]",579.0,-37.804787,144.9574515,0,9.262,13.601656900000002
ORDC01143,2018-01-19,08:30:25,Breakfast,NS,"[('Pancake', 4), ('Coffee', 9), ('Eggs', 8)]",340.5,-37.823536600000004,144.9808725,0,9.109,13.6212943
ORDK06502,2018-11-23,18:49:00,Dinner,BK,"[('Salmon', 2), ('Pasta', 4), ('Fish&Chips', 4), ('Shrimp', 9)]",818.0,-37.810574700000004,144.939228,0,9.791,17.276367
ORDK01975,2018-10-31,17:58:18,Dinner,BK,"[('Shrimp', 2), ('Pasta', 5)]",245.5,-37.8119833,144.9614346,0,7.773,14.4583054
ORDC00029,2018-07-11,14:15:12,Lunch,NS,"[('Steak', 4), ('Fries', 4)]",228.0,-37.81674829999999,145.0074769,0,10.616,15.320279800000002
ORDY04441,2018-11-20,18:38:52,Dinner,TP,"[('Shrimp', 6), ('Salmon', 4)]",488.0,-37.8087101,144.948722,0,9.666,13.847876999999999
ORDA00049,2018-10-03,17:07:36,Dinner,BK,"[('Shrimp', 6), ('Salmon', 3)]",447.0,-37.80257520000001,144.96326969999998,0,7.835,15.020370800000002
ORDX10963,2018-06-06,13:04:13,Lunch,BK,"[('Burger', 7), ('Salad', 4), ('Chicken', 10), ('Steak', 5), ('Fries', 4)]",878.8,-37.7998978,144.99008600000002,0,6.127999999999999,11.9622854
ORDJ06311,2018-02-25,09:41:24,Breakfast,TP,"[('Coffee', 3), ('Cereal', 5)]",127.5,-37.8145064,144.96197450000003,0,8.128,12.3872082
ORDX10534,2018-01-25,08:40:33,Breakfast,BK,"[('Eggs', 3), ('Coffee', 8), ('Cereal', 5)]",231.0,-37.809257,144.9607912,0,7.744,12.2345159
ORDA10120,2018-01-23,08:40:33,Breakfast,BK,"[('Pancake', 5), ('Eggs', 1)]",143.25,-37.8190756,144.95407350000002,0,8.702,13.361949800000001
ORDJ04345,2018-12-30,20:00:00,Dinner,TP,"[('Fish&Chips', 7), ('Pasta', 9)]",492.5,-37.8159777,144.93830060000002,0,10.347999999999999,15.6692767
ORDA00201,2018-07-02,14:05:04,Lunch,BK,"[('Salad', 2), ('Burger', 4), ('Fries', 8)]",254.4,-37.805561,144.9559188,0,8.097999999999999,14.213892999999999
ORDJ10947,2018-07-13,14:25:21,Lunch,TP,"[('Salad', 1), ('Burger', 4)]",141.2,-37.81632329999999,145.00858080000003,0,11.595999999999998,14.6426093
ORDX07635,2018-07-01,13:54:55,Lunch,BK,"[('Fries', 8), ('Burger', 6)]",282.0,-37.8106368,144.9605957,0,7.7010000000000005,16.1157475
ORDC03272,2018-01-27,08:50:42,Breakfast,NS,"[('Cereal', 10), ('Coffee', 4), ('Pancake', 4)]",337.0,-37.8212672,144.95775580000003,0,9.293,15.9862687
ORDY07134,2018-04-13,11:22:49,Breakfast,TP,"[('Coffee', 6), ('Pancake', 10)]",287.5,-37.823895799999995,144.96262019999998,0,7.71,10.6484959
ORDZ07710,2018-01-20,08:30:25,Breakfast,NS,"[('Pancake', 7), ('Eggs', 6), ('Coffee', 5), ('Cereal', 4)]",423.25,-37.8063494,144.9590321,0,7.7010000000000005,14.8553043
ORDC08010,2018-03-26,10:42:15,Breakfast,NS,"[('Cereal', 10), ('Eggs', 8)]",386.0,-37.816484499999994,145.0042899,0,10.325999999999999,15.383958499999999
ORDA10006,2018-05-14,12:23:39,Lunch,BK,"[('Steak', 5), ('Chicken', 4), ('Burger', 5)]",508.0,-37.8054923,144.9436642,0,9.242,15.2680261
ORDY02091,2018-12-15,19:29:34,Dinner,TP,"[('Fish&Chips', 9), ('Pasta', 2)]",370.0,-37.8200685,144.9607348,0,7.627999999999999,13.1945865
ORDI09278,2018-02-12,09:21:07,Breakfast,NS,"[('Coffee', 9), ('Cereal', 9)]",256.5,-37.8101199,144.9698246,0,7.188,12.234464
ORDJ08488,2018-06-07,13:04:13,Lunch,TP,"[('Salad', 5), ('Burger', 5), ('Fries', 10), ('Steak', 4), ('Chicken', 4)]",669.0,-37.8165753,144.9666375,0,7.841,10.9191217
ORDY00955,2018-07-27,14:45:38,Lunch,TP,"[('Fries', 2), ('Burger', 5)]",179.0,-37.801292700000005,144.9629735,0,9.673,12.801786
ORDB08548,2018-10-03,17:07:36,Dinner,TP,"[('Shrimp', 3), ('Pasta', 1)]",189.5,-37.8120434,144.9518353,0,9.128,13.128021599999999
ORDK02298,2018-08-27,15:56:37,Lunch,BK,"[('Burger', 7), ('Steak', 7), ('Salad', 10), ('Fries', 5), ('Chicken', 4)]",892.0,-37.815068700000005,144.93541430000002,0,10.179,16.043118099999997
ORDI10081,2018-04-05,11:02:32,Breakfast,NS,"[('Cereal', 10), ('Pancake', 4)]",307.0,-37.8178098,144.95166609999998,0,9.155,14.277645399999999
ORDZ03018,2018-11-28,18:59:09,Dinner,NS,"[('Salmon', 9), ('Shrimp', 9), ('Pasta', 6)]",1020.0,-37.8200186,144.96876540000002,0,8.586,14.4747881
ORDC08331,2018-02-11,09:21:07,Breakfast,NS,"[('Cereal', 7), ('Eggs', 8)]",323.0,-37.8126977,144.96821630000002,0,7.609,14.021897000000001
ORDZ03133,2018-03-18,10:32:06,Breakfast,NS,"[('Cereal', 7), ('Eggs', 7)]",301.0,-37.811741600000005,144.9636136,0,7.7139999999999995,14.5816685
ORDY09633,2018-06-16,13:24:30,Lunch,TP,"[('Chicken', 5), ('Fries', 1), ('Salad', 4)]",240.8,-37.8160204,145.0111408,0,11.864,16.5266947
ORDJ08573,2018-07-15,14:25:21,Lunch,TP,"[('Salad', 1), ('Steak', 9)]",422.2,-37.8034761,144.96639019999998,0,9.471,13.7978559
ORDX01596,2018-07-19,14:35:29,Lunch,BK,"[('Burger', 10), ('Chicken', 10), ('Fries', 8), ('Steak', 1)]",771.0,-37.799995,144.97402319999998,0,7.3229999999999995,13.2945165
ORDY02318,2018-11-05,18:08:27,Dinner,TP,"[('Fish&Chips', 10), ('Pasta', 1), ('Salmon', 1)]",418.5,-37.819857299999995,144.9518752,0,8.626,13.2346679
ORDI02419,2018-05-03,12:03:22,Lunch,NS,"[('Steak', 2), ('Chicken', 2), ('Burger', 6), ('Fries', 9), ('Salad', 9)]",602.8,-37.8105079,144.9637216,0,7.784,12.829378199999999
ORDA00359,2018-09-03,16:06:45,Dinner,BK,"[('Shrimp', 6), ('Pasta', 6)]",489.0,-37.8095393,144.9397958,0,10.466,16.922752300000003
ORDX05452,2018-11-20,18:38:52,Dinner,BK,"[('Salmon', 2), ('Fish&Chips', 1), ('Pasta', 8)]",337.0,-37.823772600000005,145.0157724,0,4.821000000000001,11.6877815
ORDB00466,2018-03-23,10:42:15,Breakfast,TP,"[('Cereal', 1), ('Coffee', 5), ('Pancake', 9), ('Eggs', 10)]",496.75,-37.820265,144.9854396,0,9.196,11.432834699999999
ORDJ05244,2018-01-23,08:40:33,Breakfast,TP,"[('Cereal', 4), ('Coffee', 10), ('Pancake', 7), ('Eggs', 8)]",504.75,-37.805845899999994,144.9274603,0,11.36,13.747695199999999
ORDY10689,2018-07-04,14:05:04,Lunch,TP,"[('Salad', 1), ('Chicken', 4), ('Fries', 10), ('Steak', 1), ('Burger', 10)]",620.2,-37.822885799999995,145.010151,0,11.497,14.5964245
ORDB05396,2018-01-10,08:10:08,Breakfast,TP,"[('Coffee', 10), ('Cereal', 1), ('Pancake', 2)]",144.5,-37.806459999999994,144.95706059999998,1,9.317,5.811600299999999
ORDC02667,2018-06-26,13:44:47,Lunch,NS,"[('Chicken', 1), ('Burger', 10), ('Fries', 8), ('Salad', 9)]",592.8,-37.8252508,144.9846997,0,9.564,15.398039
ORDY00184,2018-03-04,10:01:41,Breakfast,TP,"[('Cereal', 4), ('Coffee', 7), ('Pancake', 10), ('Eggs', 3)]",445.0,-37.823648299999995,144.940564,0,9.493,14.397276999999999
ORDI11027,2018-12-06,19:09:17,Dinner,NS,"[('Pasta', 2), ('Shrimp', 6), ('Salmon', 3)]",502.0,-37.816309600000004,144.964103,0,8.288,14.6848475
ORDC07664,2018-01-13,08:20:16,Breakfast,NS,"[('Eggs', 6), ('Pancake', 7)]",301.75,-37.819848799999995,144.9683212,1,8.62,7.953970699999999
ORDA02690,2018-08-19,15:36:20,Lunch,BK,"[('Salad', 5), ('Chicken', 5), ('Burger', 7), ('Fries', 2)]",487.0,-37.815107899999994,144.9605892,0,7.99,16.3648234
ORDB05271,2018-09-27,16:57:27,Dinner,TP,"[('Fish&Chips', 7), ('Shrimp', 8), ('Pasta', 3)]",759.5,-37.7988116,144.94891819999998,0,10.33,14.670361699999999
ORDB01057,2018-10-01,16:57:27,Dinner,TP,"[('Pasta', 6), ('Fish&Chips', 10), ('Shrimp', 3)]",677.0,-37.81892379999999,144.94674750000001,0,9.164,13.390472400000002
ORDY09257,2018-03-19,10:32:06,Breakfast,TP,"[('Eggs', 10), ('Cereal', 9), ('Pancake', 1)]",433.25,-37.817240500000004,144.96735269999996,0,7.76,10.6227087
ORDZ05268,2018-03-20,10:32:06,Breakfast,NS,"[('Cereal', 6), ('Eggs', 3), ('Pancake', 9)]",410.25,-37.8102245,144.95782219999998,0,8.03,13.221044599999999
ORDI05253,2018-12-24,19:49:51,Dinner,NS,"[('Shrimp', 7), ('Pasta', 9), ('Fish&Chips', 1)]",660.5,-37.8186125,145.0038022,0,10.497,16.341732500000003
ORDZ08621,2018-03-21,10:32:06,Breakfast,NS,"[('Cereal', 5), ('Pancake', 3), ('Eggs', 9), ('Coffee', 1)]",383.25,-37.8119421,144.9594111,0,7.962000000000001,13.110997699999999
ORDC00996,2018-01-25,08:40:33,Breakfast,NS,"[('Pancake', 2), ('Coffee', 7), ('Cereal', 8), ('Eggs', 5)]",379.0,-37.8101955,144.96368600000002,0,7.625,12.4496113
ORDI06592,2018-09-11,16:27:02,Dinner,NS,"[('Salmon', 1), ('Fish&Chips', 2), ('Pasta', 8)]",331.0,-37.8004896,144.9905208,0,8.064,14.406908800000002
ORDI00183,2018-07-13,14:25:21,Lunch,NS,"[('Burger', 7), ('Steak', 9), ('Chicken', 6), ('Fries', 2), ('Salad', 3)]",889.6,-37.8175319,145.005706,0,10.564,16.38788
ORDZ03138,2018-09-25,16:47:19,Dinner,NS,"[('Pasta', 2), ('Shrimp', 8), ('Fish&Chips', 8), ('Salmon', 5)]",972.0,-37.8028155,144.96737869999998,0,6.569,12.505334699999999
ORDK00406,2018-09-26,16:47:19,Dinner,BK,"[('Salmon', 6), ('Pasta', 5)]",383.5,-37.81033239999999,144.9496246,0,8.758,15.3130462
ORDK01669,2018-01-25,08:40:33,Breakfast,BK,"[('Pancake', 6), ('Coffee', 3), ('Cereal', 5), ('Eggs', 3)]",339.0,-37.800352600000004,144.94435190000002,0,9.326,14.0701992
ORDJ07387,2018-01-08,08:10:08,Breakfast,TP,"[('Eggs', 1), ('Pancake', 9), ('Cereal', 5), ('Coffee', 3)]",367.75,-37.8088018,145.0050696,1,11.673,6.7640732
ORDY07349,2018-05-09,12:13:31,Lunch,TP,"[('Burger', 7), ('Fries', 6)]",289.0,-37.825399100000006,144.9443885,0,9.472999999999999,13.0285873
ORDJ02702,2018-01-26,08:50:42,Breakfast,TP,"[('Coffee', 1), ('Pancake', 3), ('Eggs', 5), ('Cereal', 4)]",274.25,-37.807094899999996,144.9570155,0,9.228,12.0899232
ORDJ10395,2018-05-25,12:43:56,Lunch,TP,"[('Chicken', 8), ('Salad', 10), ('Steak', 1)]",473.0,-37.824960600000004,144.94952949999998,0,8.667,12.3391757
ORDZ09359,2018-08-31,15:56:37,Lunch,NS,"[('Burger', 9), ('Steak', 10), ('Chicken', 5), ('Salad', 7), ('Fries', 10)]",1129.4,-37.808969399999995,144.9617782,0,7.64,13.2693568
ORDK09603,2018-04-03,11:02:32,Breakfast,BK,"[('Eggs', 8), ('Coffee', 4), ('Cereal', 2)]",248.0,-37.8100517,144.9836969,0,5.669,9.9764975
ORDA06081,2018-02-08,09:10:59,Breakfast,BK,"[('Pancake', 5), ('Eggs', 3), ('Coffee', 8)]",247.25,-37.822151399999996,144.9810485,0,6.962999999999999,11.7569664
ORDZ05858,2018-05-09,12:13:31,Lunch,NS,"[('Steak', 7), ('Salad', 9), ('Chicken', 3), ('Fries', 3), ('Burger', 8)]",849.8,-37.8176307,144.9898464,0,9.232999999999999,15.005775400000001
ORDI07028,2018-09-24,16:47:19,Dinner,NS,"[('Shrimp', 10), ('Fish&Chips', 1), ('Salmon', 9), ('Pasta', 7)]",1136.5,-37.8168138,144.9881655,0,9.052999999999999,15.559464000000002
ORDZ00786,2018-09-15,16:27:02,Dinner,NS,"[('Salmon', 6), ('Shrimp', 5), ('Fish&Chips', 5), ('Pasta', 7)]",883.5,-37.81522639999999,144.97519880000002,0,7.921,15.700477300000001
ORDZ10230,2018-03-04,10:01:41,Breakfast,NS,"[('Eggs', 10), ('Pancake', 10)]",462.5,-37.8241224,144.93628069999997,0,10.92,18.0736747
ORDZ07985,2018-03-06,10:01:41,Breakfast,NS,"[('Coffee', 6), ('Eggs', 9)]",243.0,-37.809828,144.9764612,0,7.819,12.5151421
ORDJ05388,2018-12-18,19:39:43,Dinner,TP,"[('Fish&Chips', 6), ('Shrimp', 6), ('Pasta', 2), ('Salmon', 3)]",712.0,-37.8103338,144.9470645,0,9.613,13.6936481
ORDX10995,2018-05-14,12:23:39,Lunch,BK,"[('Chicken', 8), ('Burger', 1), ('Steak', 9), ('Salad', 6), ('Fries', 4)]",843.2,-37.805829700000004,144.95608159999998,0,8.054,13.8715479
ORDA05778,2018-04-05,11:02:32,Breakfast,BK,"[('Cereal', 4), ('Coffee', 10)]",159.0,-37.813995299999995,144.9492407,0,9.971,14.3828434
ORDX04311,2018-05-18,12:33:48,Lunch,BK,"[('Chicken', 9), ('Fries', 7), ('Salad', 1), ('Burger', 1), ('Steak', 2)]",510.2,-37.8148074,144.95762390000002,0,8.253,13.7690261
ORDZ06236,2018-05-25,12:43:56,Lunch,NS,"[('Salad', 9), ('Steak', 5), ('Burger', 10), ('Fries', 3), ('Chicken', 1)]",757.8,-37.814119700000006,144.9681146,0,7.819,13.2435818
ORDC08090,2018-11-02,18:08:27,Dinner,NS,"[('Fish&Chips', 1), ('Salmon', 9)]",404.0,-37.818595,144.969551,0,8.482000000000001,14.6849946
ORDK01813,2018-08-08,15:16:03,Lunch,BK,"[('Steak', 4), ('Fries', 5), ('Chicken', 10)]",560.0,-37.8125275,144.93620890000003,0,10.545,16.742214800000003
ORDC06902,2018-04-04,11:02:32,Breakfast,NS,"[('Cereal', 4), ('Pancake', 1), ('Coffee', 2), ('Eggs', 3)]",189.25,-37.8094801,144.9479139,0,8.895,13.978722699999999
ORDA07510,2018-02-07,09:10:59,Breakfast,BK,"[('Coffee', 3), ('Eggs', 6), ('Pancake', 8)]",348.5,-37.815866299999996,144.92163630000002,0,11.745999999999999,16.7535282
ORDC07000,2018-08-31,15:56:37,Lunch,NS,"[('Chicken', 9), ('Fries', 10)]",408.0,-37.80473370000001,144.96180090000001,0,7.257999999999999,12.8191205
ORDX01566,2018-08-22,15:36:20,Lunch,BK,"[('Burger', 9), ('Fries', 10), ('Steak', 9), ('Chicken', 10), ('Salad', 7)]",1244.4,-37.805577500000005,144.9857969,0,5.89,11.719351
ORDX07043,2018-04-24,11:43:05,Breakfast,BK,"[('Coffee', 2), ('Eggs', 10), ('Cereal', 6), ('Pancake', 7)]",530.75,-37.811521,144.957735,0,8.331,13.080615400000001
ORDX06679,2018-03-04,10:01:41,Breakfast,BK,"[('Coffee', 5), ('Cereal', 8), ('Eggs', 5)]",315.5,-37.804002399999995,144.968017,0,7.278,14.782694000000001
ORDX07035,2018-09-09,16:16:54,Dinner,BK,"[('Fish&Chips', 1), ('Salmon', 7), ('Pasta', 6)]",487.0,-37.8153503,144.97081169999998,0,7.093999999999999,16.6167258
ORDK08864,2018-09-23,16:47:19,Dinner,BK,"[('Pasta', 10), ('Salmon', 2)]",357.0,-37.805558700000006,144.94508480000002,0,9.1,18.4661331
ORDY08641,2018-07-26,14:45:38,Lunch,TP,"[('Fries', 7), ('Steak', 10), ('Burger', 8)]",782.0,-37.8000106,144.96848799999998,0,9.958,13.3167147
ORDZ09168,2018-02-19,09:31:16,Breakfast,NS,"[('Pancake', 6), ('Eggs', 10), ('Coffee', 3), ('Cereal', 9)]",577.0,-37.807840999999996,144.9456925,0,8.957,14.0175499
ORDK10630,2018-06-18,13:34:38,Lunch,BK,"[('Fries', 1), ('Salad', 3), ('Steak', 8)]",423.6,-37.8184825,144.9747793,0,7.385,13.1687865
ORDK09132,2018-08-07,15:16:03,Lunch,BK,"[('Chicken', 4), ('Burger', 8)]",376.0,-37.816447700000005,144.9670737,0,7.452999999999999,13.7731676
ORDA05049,2018-08-24,15:46:28,Lunch,BK,"[('Steak', 9), ('Chicken', 7)]",629.0,-37.815354299999996,144.9355892,0,10.146,16.387805800000002
ORDJ09430,2018-06-09,13:14:21,Lunch,TP,"[('Steak', 1), ('Chicken', 3), ('Burger', 5)]",296.0,-37.8019746,145.0112368,0,12.577,17.053801899999996
ORDZ04663,2018-02-13,09:21:07,Breakfast,NS,"[('Eggs', 4), ('Coffee', 5)]",125.5,-37.806451700000004,144.9595625,0,7.642,12.5724339
ORDA05680,2018-05-07,12:03:22,Lunch,BK,"[('Steak', 3), ('Burger', 9)]",414.0,-37.8157766,144.99506019999998,0,5.01,10.9915695
ORDI04304,2018-08-08,15:16:03,Lunch,NS,"[('Salad', 3), ('Steak', 10), ('Burger', 8)]",749.6,-37.812974600000004,144.9350314,0,10.548,16.140632500000002
ORDX09019,2018-04-12,11:12:40,Breakfast,BK,"[('Cereal', 2), ('Coffee', 4), ('Pancake', 7)]",241.75,-37.8146506,144.9593159,0,11.227,16.3295541
ORDI02379,2018-05-12,12:13:31,Lunch,NS,"[('Salad', 9), ('Burger', 8), ('Chicken', 7), ('Steak', 1), ('Fries', 9)]",779.8,-37.8016567,144.9623374,0,6.947,14.4511777
ORDI07386,2018-05-28,12:54:05,Lunch,NS,"[('Fries', 6), ('Burger', 3), ('Chicken', 8), ('Salad', 6), ('Steak', 1)]",569.2,-37.8151119,144.9733786,0,8.011000000000001,12.9616811
ORDB04879,2018-01-10,08:10:08,Breakfast,TP,"[('Pancake', 3), ('Cereal', 6)]",198.75,-37.8035614,144.9181009,1,12.287,6.903275099999999
ORDK06551,2018-03-29,10:52:23,Breakfast,BK,"[('Coffee', 7), ('Cereal', 2), ('Eggs', 5)]",204.5,-37.8169522,144.96510049999998,0,7.724,12.448103699999999
ORDA07982,2018-01-21,08:40:33,Breakfast,BK,"[('Cereal', 4), ('Pancake', 1), ('Coffee', 10), ('Eggs', 1)]",205.25,-37.8060787,144.9655744,0,7.307,15.0095562
ORDK00169,2018-08-31,15:56:37,Lunch,BK,"[('Chicken', 6), ('Fries', 5)]",252.0,-37.8079653,144.9612612,0,7.617000000000001,13.665781400000002
ORDB10522,2018-10-13,17:27:53,Dinner,TP,"[('Salmon', 6), ('Pasta', 2), ('Shrimp', 10)]",841.0,-37.8208463,144.9572681,0,8.019,13.8976263
ORDI05837,2018-12-26,19:49:51,Dinner,NS,"[('Salmon', 9), ('Shrimp', 7)]",747.0,-37.8049802,144.9482313,0,8.583,14.632944199999999
ORDA08339,2018-07-31,14:55:46,Lunch,BK,"[('Fries', 8), ('Steak', 3), ('Salad', 8), ('Chicken', 3), ('Burger', 2)]",526.6,-37.799662299999994,144.9622425,0,8.226,14.068884299999999
ORDJ00235,2018-01-27,08:50:42,Breakfast,TP,"[('Cereal', 2), ('Pancake', 9), ('Coffee', 5), ('Eggs', 9)]",495.75,-37.8226138,144.95836740000001,0,7.739,11.687132400000001
ORDZ06452,2018-12-28,20:00:00,Dinner,NS,"[('Pasta', 5), ('Salmon', 5), ('Fish&Chips', 3)]",447.5,-37.798519899999995,144.96151740000002,0,7.085,12.955509
ORDK10148,2018-06-22,13:44:47,Lunch,BK,"[('Salad', 2), ('Fries', 5), ('Burger', 2), ('Steak', 1), ('Chicken', 4)]",329.4,-37.8044284,144.92824869999998,0,10.690999999999999,16.8717308
ORDB05106,2018-12-21,19:39:43,Dinner,TP,"[('Pasta', 7), ('Shrimp', 9), ('Fish&Chips', 1), ('Salmon', 2)]",795.5,-37.805506799999996,144.955431,0,9.369,13.371732999999999
ORDC03740,2018-09-19,16:37:10,Dinner,NS,"[('Salmon', 6), ('Fish&Chips', 9)]",561.0,-37.802329,144.94274140000002,0,8.855,15.246367800000002
ORDK06956,2018-04-28,11:53:14,Breakfast,BK,"[('Coffee', 1), ('Cereal', 8), ('Eggs', 7)]",329.5,-37.8023661,144.96205690000002,0,7.922999999999999,15.3487221
ORDK08186,2018-11-18,18:38:52,Dinner,BK,"[('Salmon', 7), ('Pasta', 9)]",534.5,-37.8188896,145.0072889,0,4.216,13.509738500000001
ORDK02525,2018-06-20,13:34:38,Lunch,BK,"[('Salad', 4), ('Fries', 1), ('Chicken', 6)]",272.8,-37.8002472,144.9293855,0,11.081,16.775748800000002
ORDC00194,2018-11-30,18:59:09,Dinner,NS,"[('Shrimp', 9), ('Salmon', 6), ('Pasta', 4)]",842.0,-37.8020363,145.00412240000003,0,9.373,15.561898600000001
ORDZ02518,2018-03-10,10:11:49,Breakfast,NS,"[('Coffee', 3), ('Cereal', 10), ('Eggs', 9)]",430.5,-37.8242638,145.0144299,0,11.865,18.569766
ORDI01373,2018-08-02,15:05:54,Lunch,NS,"[('Steak', 7), ('Fries', 5), ('Chicken', 1)]",407.0,-37.8114554,144.9911237,0,8.836,13.8257093
ORDZ04431,2018-06-03,13:04:13,Lunch,NS,"[('Chicken', 9), ('Fries', 6), ('Steak', 9), ('Burger', 4)]",889.0,-37.8008844,144.99302230000004,0,8.412,15.921867
ORDK03570,2018-01-27,08:50:42,Breakfast,BK,"[('Pancake', 9), ('Cereal', 7), ('Eggs', 10)]",585.25,-37.8198936,144.9526628,0,8.845,15.977705300000002
ORDB10103,2018-08-27,15:56:37,Lunch,TP,"[('Fries', 5), ('Burger', 2), ('Salad', 9), ('Steak', 10)]",726.8,-37.8046514,144.9377347,0,11.01,13.9953584
ORDJ01560,2018-08-31,15:56:37,Lunch,TP,"[('Salad', 8), ('Fries', 1), ('Chicken', 3)]",245.6,-37.806757399999995,144.9829273,0,9.911,12.9719027
ORDB07300,2018-05-08,12:13:31,Lunch,TP,"[('Salad', 7), ('Steak', 1), ('Fries', 10), ('Burger', 4), ('Chicken', 8)]",665.4,-37.791144,144.9368632,0,12.084000000000001,14.9878245
ORDK08969,2018-06-03,13:04:13,Lunch,BK,"[('Fries', 5), ('Chicken', 5), ('Steak', 1)]",265.0,-37.800293100000005,144.96556769999998,0,7.886,16.8236585
ORDA09828,2018-07-09,14:15:12,Lunch,BK,"[('Fries', 6), ('Steak', 2), ('Chicken', 10), ('Burger', 10)]",792.0,-37.822002000000005,144.96866980000001,0,7.917999999999999,14.011045300000001
ORDI05005,2018-01-03,08:00:00,Breakfast,NS,"[('Pancake', 8), ('Eggs', 6)]",326.0,-37.8041383,144.9384214,1,9.921,7.5707895
ORDX04487,2018-08-28,15:56:37,Lunch,BK,"[('Steak', 2), ('Fries', 3)]",126.0,-37.810854799999994,144.9635092,0,7.6610000000000005,13.800757500000001
ORDK11067,2018-09-12,16:27:02,Dinner,BK,"[('Shrimp', 2), ('Salmon', 3)]",231.0,-37.804452000000005,144.9262237,0,10.869000000000002,18.0692026
ORDJ00428,2018-05-20,12:33:48,Lunch,TP,"[('Fries', 10), ('Burger', 3), ('Salad', 3), ('Chicken', 5), ('Steak', 5)]",649.6,-37.802124,144.9569967,0,9.533,14.2640144
ORDZ09147,2018-08-05,15:05:54,Lunch,NS,"[('Chicken', 4), ('Burger', 8)]",376.0,-37.8055534,144.9296537,0,10.418,18.037629100000004
ORDB07982,2018-03-24,10:42:15,Breakfast,TP,"[('Cereal', 3), ('Eggs', 10)]",283.0,-37.8200337,145.0158648,0,12.011,15.585808499999999
ORDC06886,2018-10-14,17:27:53,Dinner,NS,"[('Salmon', 5), ('Fish&Chips', 3)]",310.0,-37.818928799999995,144.9637475,0,8.725,16.6555468
ORDC02269,2018-04-27,11:53:14,Breakfast,NS,"[('Coffee', 2), ('Cereal', 9)]",204.0,-37.823244200000005,144.96802119999998,0,9.045,13.888135199999999
ORDK00577,2018-03-19,10:32:06,Breakfast,BK,"[('Eggs', 1), ('Coffee', 5), ('Pancake', 10)]",302.0,-37.8192441,144.9330365,0,10.716,15.6325291
ORDJ05674,2018-08-27,15:56:37,Lunch,TP,"[('Steak', 9), ('Fries', 2), ('Burger', 9), ('Chicken', 2), ('Salad', 1)]",789.2,-37.815068700000005,144.93541430000002,0,10.607999999999999,13.298989
ORDB09336,2018-08-12,15:26:11,Lunch,TP,"[('Fries', 4), ('Salad', 2), ('Steak', 5), ('Burger', 6)]",493.4,-37.8138381,144.9368164,0,10.829,15.5551359
ORDK10963,2018-06-28,13:54:55,Lunch,BK,"[('Burger', 5), ('Steak', 8), ('Fries', 10), ('Salad', 2), ('Chicken', 1)]",701.4,-37.799993799999996,144.97483,0,7.24,13.0883308
ORDB08329,2018-12-06,19:09:17,Dinner,TP,"[('Pasta', 3), ('Salmon', 7)]",369.5,-37.815592200000005,144.9665938,0,7.957000000000001,12.1167061
ORDA03709,2018-06-20,13:34:38,Lunch,BK,"[('Steak', 10), ('Fries', 8), ('Chicken', 10), ('Burger', 4)]",990.0,-37.805888,144.9561775,0,8.043,14.3733345
ORDX03119,2018-04-10,11:12:40,Breakfast,BK,"[('Coffee', 3), ('Pancake', 9)]",240.75,-37.8242376,144.98031650000001,0,7.402,12.178880699999999
ORDZ06333,2018-01-23,08:40:33,Breakfast,NS,"[('Cereal', 1), ('Pancake', 1), ('Coffee', 2)]",60.25,-37.8175844,144.9631764,0,8.52,13.1139328
ORDC01924,2018-10-30,17:58:18,Dinner,NS,"[('Pasta', 8), ('Salmon', 10), ('Fish&Chips', 1), ('Shrimp', 4)]",881.0,-37.8011215,144.9627191,0,6.91,12.7890301
ORDC04828,2018-09-12,16:27:02,Dinner,NS,"[('Salmon', 6), ('Pasta', 10), ('Shrimp', 3), ('Fish&Chips', 2)]",753.0,-37.8063755,144.9416378,0,9.375,15.471381
ORDZ05988,2018-09-29,16:57:27,Dinner,NS,"[('Pasta', 5), ('Salmon', 5), ('Shrimp', 4)]",558.5,-37.8001791,144.9502079,0,8.062999999999999,15.7266124
ORDJ07532,2018-05-11,12:13:31,Lunch,TP,"[('Salad', 5), ('Steak', 1), ('Chicken', 1), ('Burger', 5)]",318.0,-37.8245778,145.01118490000002,0,11.578,14.692746900000001
ORDA08558,2018-03-09,10:11:49,Breakfast,BK,"[('Pancake', 7), ('Cereal', 8)]",337.75,-37.819837,144.9649302,0,7.858,12.885544699999999
ORDA08125,2018-05-05,12:03:22,Lunch,BK,"[('Steak', 5), ('Burger', 1)]",256.0,-37.79983060000001,144.9349441,0,12.265999999999998,20.479478
ORDJ02327,2018-12-12,19:29:34,Dinner,TP,"[('Pasta', 7), ('Salmon', 5), ('Shrimp', 8), ('Fish&Chips', 5)]",1004.5,-37.814514200000005,144.9659007,0,8.281,12.9507996
ORDZ06920,2018-07-07,14:05:04,Lunch,NS,"[('Steak', 7), ('Burger', 9), ('Chicken', 3), ('Fries', 6), ('Salad', 4)]",830.8,-37.819497999999996,144.960084,0,8.942,16.0674859
ORDZ04249,2018-10-27,17:58:18,Dinner,NS,"[('Fish&Chips', 9), ('Salmon', 1), ('Shrimp', 4), ('Pasta', 1)]",599.5,-37.817312799999996,144.9641189,0,8.431000000000001,16.797398100000002
ORDX04367,2018-06-25,13:44:47,Lunch,BK,"[('Salad', 6), ('Fries', 5), ('Steak', 10)]",613.2,-37.8241756,144.98348330000002,0,6.976,12.3610865
ORDB04063,2018-03-24,10:42:15,Breakfast,TP,"[('Eggs', 10), ('Coffee', 10), ('Cereal', 10), ('Pancake', 4)]",602.0,-37.8180334,144.93300349999998,0,10.609000000000002,14.691412699999997
ORDK03943,2018-06-19,13:34:38,Lunch,BK,"[('Fries', 9), ('Chicken', 7), ('Steak', 1), ('Salad', 4)]",445.8,-37.8049221,144.9731125,0,6.8660000000000005,12.7674499
ORDI05150,2018-10-24,17:48:10,Dinner,NS,"[('Fish&Chips', 2), ('Pasta', 10), ('Salmon', 8)]",673.0,-37.820159100000005,144.96694140000002,0,8.767000000000001,15.153781699999998
ORDB10070,2018-10-10,17:17:44,Dinner,TP,"[('Shrimp', 9), ('Pasta', 2), ('Salmon', 7), ('Fish&Chips', 7)]",1073.0,-37.812461,144.9534303,0,9.032,13.4252443
ORDK05961,2018-01-18,08:30:25,Breakfast,BK,"[('Pancake', 3), ('Eggs', 2), ('Cereal', 5)]",221.75,-37.805928,144.9320632,1,10.378,7.5338825
ORDJ07401,2018-01-27,08:50:42,Breakfast,TP,"[('Pancake', 8), ('Cereal', 4), ('Eggs', 3)]",344.0,-37.8094655,144.9638416,0,8.669,12.7098315
ORDY07954,2018-10-15,17:27:53,Dinner,TP,"[('Shrimp', 9), ('Pasta', 2), ('Fish&Chips', 4)]",681.0,-37.8120691,144.9956889,0,10.626,15.0196414
ORDY07656,2018-07-11,14:15:12,Lunch,TP,"[('Salad', 8), ('Chicken', 8), ('Fries', 10), ('Burger', 1), ('Steak', 9)]",949.6,-37.8166264,145.0073186,0,11.446,14.370305499999999
ORDK10308,2018-02-18,09:31:16,Breakfast,BK,"[('Pancake', 2), ('Cereal', 2), ('Coffee', 2), ('Eggs', 10)]",325.5,-37.80883239999999,145.01025259999997,0,3.563,10.453201199999999
ORDC06256,2018-10-16,17:27:53,Dinner,NS,"[('Pasta', 10), ('Fish&Chips', 10), ('Salmon', 7)]",912.0,-37.8221811,144.99568080000003,0,10.045,15.424641399999999
ORDB07599,2018-07-20,14:35:29,Lunch,TP,"[('Burger', 5), ('Steak', 6), ('Chicken', 7), ('Salad', 1), ('Fries', 4)]",714.2,-37.8225174,144.95470369999998,0,8.283999999999999,11.8166491
ORDK07537,2018-05-03,12:03:22,Lunch,BK,"[('Steak', 9), ('Burger', 7), ('Salad', 2), ('Chicken', 2), ('Fries', 3)]",756.4,-37.8162972,144.9637915,0,7.7860000000000005,14.0262541
ORDY04968,2018-12-01,18:59:09,Dinner,TP,"[('Fish&Chips', 5), ('Salmon', 1), ('Pasta', 7)]",408.5,-37.815309899999995,144.9662898,0,8.048,13.641912099999999
ORDC10559,2018-11-13,18:28:43,Dinner,NS,"[('Shrimp', 7), ('Fish&Chips', 10), ('Pasta', 10)]",1003.0,-37.8123703,144.9617401,0,7.891,13.973692199999999
ORDY02259,2018-05-06,12:03:22,Lunch,TP,"[('Steak', 3), ('Chicken', 3), ('Burger', 7)]",448.0,-37.7989577,144.98425459999999,0,10.795,15.814799300000002
ORDC05020,2018-03-06,10:01:41,Breakfast,NS,"[('Coffee', 7), ('Cereal', 7)]",199.5,-37.8133498,144.95150769999998,0,8.592,13.699620000000001
ORDI08404,2018-03-05,10:01:41,Breakfast,NS,"[('Coffee', 10), ('Pancake', 5)]",196.25,-37.815487700000006,144.9604594,0,8.379,13.289288399999998
ORDA00535,2018-12-11,19:19:26,Dinner,BK,"[('Shrimp', 2), ('Fish&Chips', 7), ('Salmon', 3)]",476.0,-37.820670299999996,144.94887219999998,0,9.195,16.443014
ORDX07636,2018-07-03,14:05:04,Lunch,BK,"[('Salad', 4), ('Burger', 2), ('Fries', 9), ('Chicken', 9)]",526.8,-37.809669799999995,144.9637071,0,7.4,13.4011054
ORDZ01677,2018-02-28,09:51:32,Breakfast,NS,"[('Coffee', 4), ('Pancake', 6), ('Eggs', 5), ('Cereal', 9)]",474.5,-37.807748700000005,144.9479858,0,8.738,13.866810000000001
ORDI10400,2018-11-25,18:49:00,Dinner,NS,"[('Pasta', 7), ('Shrimp', 8)]",624.5,-37.823789500000004,144.9574481,0,9.99,17.8869427
ORDB09273,2018-03-05,10:01:41,Breakfast,TP,"[('Coffee', 9), ('Pancake', 10), ('Eggs', 8), ('Cereal', 2)]",528.0,-37.8216979,144.951984,0,8.488,10.8181398
ORDZ11039,2018-10-28,17:58:18,Dinner,NS,"[('Fish&Chips', 7), ('Pasta', 4), ('Shrimp', 6)]",679.0,-37.8033138,144.99046719999998,0,8.15,15.976005599999999
ORDJ00066,2018-08-05,15:05:54,Lunch,TP,"[('Chicken', 4), ('Salad', 9), ('Burger', 8), ('Fries', 4)]",578.8,-37.8123649,144.9544336,0,8.824,13.6929196
ORDC05898,2018-03-22,10:32:06,Breakfast,NS,"[('Cereal', 5), ('Pancake', 2), ('Eggs', 5)]",263.5,-37.8069927,144.9729476,0,6.997000000000001,12.2422367
ORDA08405,2018-11-30,18:59:09,Dinner,BK,"[('Shrimp', 1), ('Fish&Chips', 2)]",124.0,-37.8064631,144.9720713,0,6.7170000000000005,13.6358118
ORDB04589,2018-09-20,16:37:10,Dinner,TP,"[('Shrimp', 1), ('Fish&Chips', 1), ('Pasta', 8)]",309.0,-37.8192067,144.96516630000002,0,7.377000000000001,11.9284847
ORDX07783,2018-12-26,19:49:51,Dinner,BK,"[('Salmon', 10), ('Shrimp', 6)]",734.0,-37.804787,144.9574515,0,8.036,14.8374687
ORDJ07451,2018-04-06,11:02:32,Breakfast,TP,"[('Pancake', 2), ('Coffee', 1), ('Cereal', 3)]",119.0,-37.803495700000006,144.94973430000002,0,9.907,12.834418800000002
ORDX04134,2018-07-17,14:25:21,Lunch,BK,"[('Fries', 8), ('Burger', 4)]",220.0,-37.8196513,144.9441873,0,9.615,15.511969699999998
ORDA08368,2018-11-28,18:59:09,Dinner,BK,"[('Pasta', 4), ('Salmon', 2), ('Shrimp', 4)]",408.0,-37.821979999999996,145.00276369999997,0,4.926,12.3425137
ORDJ07975,2018-11-14,18:28:43,Dinner,TP,"[('Shrimp', 5), ('Salmon', 6)]",516.0,-37.7907967,144.985865,0,11.710999999999999,15.9343809
ORDZ09084,2018-09-08,16:16:54,Dinner,NS,"[('Fish&Chips', 2), ('Salmon', 10), ('Pasta', 1)]",507.5,-37.8226659,144.9554904,0,9.533999999999999,17.582954
ORDK01779,2018-01-07,08:10:08,Breakfast,BK,"[('Coffee', 1), ('Eggs', 9)]",205.5,-37.8133334,144.9375814,1,10.13,9.173533500000001
ORDJ02887,2018-10-23,17:48:10,Dinner,TP,"[('Shrimp', 2), ('Fish&Chips', 1), ('Pasta', 4)]",253.0,-37.8197057,144.9706935,0,7.803999999999999,12.1796795
ORDA03596,2018-12-26,19:49:51,Dinner,BK,"[('Pasta', 5), ('Salmon', 7), ('Fish&Chips', 10), ('Shrimp', 1)]",828.5,-37.8049802,144.9482313,0,8.761000000000001,15.553061600000001
ORDJ00568,2018-03-12,10:11:49,Breakfast,TP,"[('Coffee', 4), ('Eggs', 5), ('Pancake', 9)]",358.25,-37.810480299999995,144.98100280000003,0,9.352,11.7597586
ORDZ09430,2018-01-05,08:00:00,Breakfast,NS,"[('Pancake', 4), ('Coffee', 9), ('Cereal', 4)]",248.5,-37.809898499999996,144.97823200000002,1,7.7,5.9836862
ORDY09152,2018-02-18,09:31:16,Breakfast,TP,"[('Coffee', 2), ('Cereal', 6), ('Eggs', 4)]",229.0,-37.8074441,144.9578204,0,9.123,13.435016099999999
ORDB06464,2018-09-20,16:37:10,Dinner,TP,"[('Salmon', 9), ('Shrimp', 4)]",585.0,-37.8143577,144.9548499,0,8.607999999999999,12.6538936
ORDJ01946,2018-09-06,16:16:54,Dinner,TP,"[('Salmon', 6), ('Pasta', 3)]",328.5,-37.816662,144.984051,0,9.27,13.385934699999998
ORDZ01351,2018-12-16,19:29:34,Dinner,NS,"[('Fish&Chips', 3), ('Pasta', 5)]",242.5,-37.8134932,144.9656098,0,7.845,15.609829000000001
ORDK05996,2018-02-04,09:00:50,Breakfast,BK,"[('Eggs', 7), ('Cereal', 7), ('Pancake', 4), ('Coffee', 7)]",450.5,-37.817405900000004,144.9907682,0,5.587999999999999,12.8692566
ORDY00380,2018-08-15,15:26:11,Lunch,TP,"[('Fries', 6), ('Salad', 5), ('Burger', 10), ('Chicken', 3), ('Steak', 10)]",1014.0,-37.808480100000004,144.9758147,0,9.192,12.5767569
ORDK07124,2018-04-17,11:32:57,Breakfast,BK,"[('Eggs', 5), ('Cereal', 5), ('Pancake', 8), ('Coffee', 3)]",431.5,-37.8044144,144.9421387,0,9.312000000000001,14.719111800000002
ORDA08617,2018-09-27,16:57:27,Dinner,BK,"[('Fish&Chips', 7), ('Salmon', 2), ('Pasta', 4), ('Shrimp', 9)]",923.0,-37.8034921,145.0195903,0,6.0329999999999995,13.2858533
ORDJ09965,2018-09-12,16:27:02,Dinner,TP,"[('Salmon', 6), ('Pasta', 10)]",521.0,-37.7996059,144.9906674,0,11.2,14.564979899999999
ORDI09174,2018-03-26,10:42:15,Breakfast,NS,"[('Cereal', 6), ('Eggs', 1), ('Coffee', 6)]",193.0,-37.805575899999994,144.97359680000002,0,6.827000000000001,12.2907797
ORDA07668,2018-01-01,08:00:00,Breakfast,BK,"[('Pancake', 8), ('Eggs', 4)]",282.0,-37.803344700000004,144.93685119999998,1,10.254000000000001,7.5071049
ORDJ04461,2018-12-24,19:49:51,Dinner,TP,"[('Shrimp', 6), ('Fish&Chips', 7), ('Salmon', 7), ('Pasta', 5)]",993.5,-37.8189706,145.0025804,0,10.821,14.963626300000001
ORDJ06472,2018-08-29,15:56:37,Lunch,TP,"[('Salad', 5), ('Fries', 3)]",122.0,-37.815189600000004,144.9363179,0,10.629000000000001,13.564830800000001
ORDI06879,2018-10-17,17:38:01,Dinner,NS,"[('Salmon', 9), ('Shrimp', 9)]",855.0,-37.814319899999994,144.9762224,0,7.93,13.645752400000001
ORDB07551,2018-07-19,14:35:29,Lunch,TP,"[('Chicken', 8), ('Salad', 5), ('Steak', 2), ('Burger', 6)]",618.0,-37.809898499999996,145.01438159999998,0,12.638,15.8717715
ORDX03200,2018-11-25,18:49:00,Dinner,BK,"[('Fish&Chips', 3), ('Salmon', 6)]",351.0,-37.819531899999994,144.9848696,0,6.3,16.0364297
ORDY02155,2018-03-29,10:52:23,Breakfast,TP,"[('Cereal', 7), ('Coffee', 8)]",207.0,-37.8007705,144.9574101,0,9.624,11.48863
ORDI01830,2018-05-24,12:43:56,Lunch,NS,"[('Steak', 10), ('Chicken', 8)]",706.0,-37.8221479,144.97905500000002,0,8.982000000000001,13.9886665
ORDI09906,2018-05-04,12:03:22,Lunch,NS,"[('Steak', 10), ('Salad', 6), ('Fries', 3), ('Chicken', 9)]",877.2,-37.7999204,144.934833,0,6.686,12.6844871
ORDZ06953,2018-07-29,14:55:46,Lunch,NS,"[('Fries', 3), ('Salad', 9), ('Burger', 8)]",438.8,-37.7992723,144.9656131,0,6.707000000000001,14.507165400000002
ORDK08187,2018-01-19,08:30:25,Breakfast,BK,"[('Coffee', 10), ('Cereal', 8), ('Eggs', 6)]",375.0,-37.799722700000004,144.97405890000002,0,7.354,12.0381462
ORDX03455,2018-04-09,11:12:40,Breakfast,BK,"[('Pancake', 8), ('Coffee', 4)]",224.0,-37.8153946,144.9774634,0,6.4670000000000005,11.296140600000001
ORDX05791,2018-02-23,09:41:24,Breakfast,BK,"[('Eggs', 10), ('Coffee', 7), ('Cereal', 8), ('Pancake', 4)]",537.5,-37.8017383,144.9311332,0,10.614,15.4364343
ORDY05106,2018-10-05,17:07:36,Dinner,TP,"[('Fish&Chips', 1), ('Shrimp', 8), ('Salmon', 1), ('Pasta', 8)]",728.0,-37.80803579999999,144.95757719999997,0,9.065,12.882619300000002
ORDZ10455,2018-12-25,19:49:51,Dinner,NS,"[('Salmon', 3), ('Pasta', 5), ('Shrimp', 9), ('Fish&Chips', 4)]",886.5,-37.8018115,144.9578801,0,7.404,13.509371300000002
ORDY03577,2018-09-28,16:57:27,Dinner,TP,"[('Salmon', 3), ('Pasta', 9), ('Shrimp', 5)]",640.5,-37.8084895,144.945285,0,9.868,13.6911421
ORDK08450,2018-04-13,11:22:49,Breakfast,BK,"[('Coffee', 4), ('Eggs', 8)]",206.0,-37.802589700000006,144.94587280000002,0,9.067,13.574476500000001
ORDI09025,2018-10-17,17:38:01,Dinner,NS,"[('Shrimp', 2), ('Fish&Chips', 10), ('Pasta', 7), ('Salmon', 7)]",937.5,-37.818472799999995,144.99815519999999,0,9.961,15.980027599999998
ORDZ00133,2018-05-29,12:54:05,Lunch,NS,"[('Chicken', 5), ('Burger', 2)]",222.0,-37.808564700000005,144.95535800000002,0,8.115,13.8300105
ORDB04012,2018-05-04,12:03:22,Lunch,TP,"[('Fries', 10), ('Salad', 7), ('Chicken', 8), ('Burger', 9), ('Steak', 5)]",1000.4,-37.8078533,144.9471248,0,9.927999999999999,13.190973300000001
ORDA04114,2018-07-25,14:45:38,Lunch,BK,"[('Fries', 7), ('Burger', 9), ('Steak', 4), ('Chicken', 1), ('Salad', 3)]",626.6,-37.821203999999994,144.9581619,0,8.38,14.6047924
ORDI09726,2018-12-12,19:29:34,Dinner,NS,"[('Pasta', 5), ('Shrimp', 9), ('Fish&Chips', 7), ('Salmon', 6)]",1114.5,-37.8211811,144.955306,0,9.422,15.467495999999999
ORDZ06965,2018-02-02,09:00:50,Breakfast,NS,"[('Cereal', 3), ('Coffee', 4)]",93.0,-37.8171028,144.95334450000001,0,8.96,13.6122951
ORDJ01610,2018-08-01,14:55:46,Lunch,TP,"[('Burger', 8), ('Fries', 3), ('Steak', 3), ('Salad', 9)]",573.8,-37.7997388,144.9611291,0,9.879,13.296927100000001
ORDK04542,2018-04-29,11:53:14,Breakfast,BK,"[('Pancake', 5), ('Coffee', 6), ('Cereal', 8), ('Eggs', 1)]",356.25,-37.8045496,144.96973500000001,0,7.08,14.6352326
ORDB10855,2018-12-02,19:09:17,Dinner,TP,"[('Fish&Chips', 7), ('Pasta', 4), ('Salmon', 5)]",560.0,-37.8052643,144.96959569999999,0,9.43,14.828625699999998
ORDJ01348,2018-12-23,19:49:51,Dinner,TP,"[('Shrimp', 9), ('Pasta', 10), ('Salmon', 6), ('Fish&Chips', 8)]",1287.0,-37.8176304,144.95915680000002,0,7.939,14.0670199
ORDK10484,2018-04-18,11:32:57,Breakfast,BK,"[('Cereal', 9), ('Pancake', 5)]",310.25,-37.817535799999995,144.9683504,0,7.791,12.3255341
ORDC00427,2018-01-05,08:00:00,Breakfast,NS,"[('Coffee', 4), ('Pancake', 4), ('Eggs', 5)]",237.0,-37.8118639,144.93848500000001,1,9.755,7.522795599999999
ORDK07701,2018-01-17,08:30:25,Breakfast,BK,"[('Coffee', 4), ('Cereal', 6), ('Pancake', 4)]",253.0,-37.8064417,144.9579988,1,7.904,6.3820346
ORDJ04083,2018-12-11,19:29:34,Dinner,TP,"[('Fish&Chips', 1), ('Pasta', 4)]",145.0,-37.825356400000004,144.9462415,0,8.946,13.6262481
ORDX05327,2018-10-03,17:07:36,Dinner,BK,"[('Pasta', 2), ('Fish&Chips', 2), ('Salmon', 8), ('Shrimp', 7)]",831.0,-37.80855820000001,144.95663430000002,0,8.073,14.619582399999999
ORDJ03788,2018-06-05,13:04:13,Lunch,TP,"[('Salad', 4), ('Fries', 8), ('Chicken', 8)]",420.8,-37.8041749,144.9447163,0,10.203,13.2969598
ORDJ05952,2018-09-01,16:06:45,Dinner,TP,"[('Fish&Chips', 8), ('Shrimp', 3)]",442.0,-37.815157299999996,144.959592,0,8.316,14.250695499999999
ORDJ08007,2018-08-06,15:05:54,Lunch,TP,"[('Fries', 5), ('Steak', 4), ('Salad', 2), ('Chicken', 3)]",370.4,-37.8048062,144.9981236,0,11.379000000000001,14.2962182
ORDX07990,2018-04-26,11:43:05,Breakfast,BK,"[('Coffee', 3), ('Cereal', 10)]",232.5,-37.8017925,144.917105,0,11.657,16.788366600000003
ORDZ10500,2018-01-30,08:50:42,Breakfast,NS,"[('Eggs', 1), ('Cereal', 7)]",169.0,-37.802294,144.990587,0,8.013,12.852118800000001
ORDK00321,2018-11-26,18:59:09,Dinner,BK,"[('Fish&Chips', 3), ('Shrimp', 1), ('Pasta', 5), ('Salmon', 5)]",501.5,-37.8227467,144.9667789,0,8.096,15.1147332
ORDX04781,2018-11-08,18:18:35,Dinner,BK,"[('Pasta', 8), ('Fish&Chips', 10), ('Shrimp', 6)]",894.0,-37.8157799,144.96516880000001,0,7.6579999999999995,14.5898081
ORDY10941,2018-02-12,09:21:07,Breakfast,TP,"[('Pancake', 6), ('Cereal', 9)]",334.5,-37.815952200000005,144.9731899,0,8.277000000000001,10.938234800000002
ORDK04093,2018-08-26,15:46:28,Lunch,BK,"[('Chicken', 3), ('Burger', 1), ('Fries', 9), ('Salad', 1), ('Steak', 10)]",702.2,-37.8122826,144.9384914,0,10.434000000000001,19.3100938
ORDK01168,2018-02-04,09:00:50,Breakfast,BK,"[('Cereal', 7), ('Pancake', 8), ('Coffee', 3), ('Eggs', 9)]",561.5,-37.8166534,144.9906965,0,5.531000000000001,13.485085999999999
ORDX08545,2018-03-02,09:51:32,Breakfast,BK,"[('Cereal', 2), ('Eggs', 3), ('Coffee', 8)]",168.0,-37.8158261,144.9503901,0,9.605,14.5830853
ORDY06046,2018-08-08,15:16:03,Lunch,TP,"[('Burger', 1), ('Fries', 10), ('Chicken', 1)]",183.0,-37.7995345,144.96307050000001,0,9.847000000000001,12.710578100000001
ORDA10150,2018-12-04,19:09:17,Dinner,BK,"[('Shrimp', 2), ('Fish&Chips', 9), ('Salmon', 9), ('Pasta', 8)]",1012.0,-37.801951200000005,145.00063459999998,0,5.317,12.390742800000002
ORDZ06573,2018-09-26,16:47:19,Dinner,NS,"[('Fish&Chips', 3), ('Pasta', 9), ('Shrimp', 3), ('Salmon', 2)]",596.5,-37.8152387,144.9753145,0,7.932,13.2708552
ORDJ08641,2018-09-26,16:57:27,Dinner,TP,"[('Salmon', 5), ('Shrimp', 1)]",259.0,-37.811274,144.9518381,0,9.126,13.152694699999998
ORDC03217,2018-09-22,16:47:19,Dinner,NS,"[('Fish&Chips', 7), ('Pasta', 3)]",327.5,-37.7994593,144.9486811,0,8.26,16.430317900000002
ORDX02034,2018-01-12,08:20:16,Breakfast,BK,"[('Coffee', 2), ('Eggs', 10)]",235.0,-37.8072412,144.9574337,1,8.039,6.079937999999999
ORDB08617,2018-02-02,09:00:50,Breakfast,TP,"[('Pancake', 5), ('Eggs', 2)]",165.25,-37.8197476,145.0111595,0,11.587,14.3293854
ORDY06911,2018-12-10,19:19:26,Dinner,TP,"[('Fish&Chips', 1), ('Pasta', 9), ('Shrimp', 4), ('Salmon', 2)]",580.5,-37.8122103,144.9375505,0,10.755,14.5963821
ORDK08203,2018-03-28,10:52:23,Breakfast,BK,"[('Coffee', 8), ('Cereal', 1), ('Pancake', 4), ('Eggs', 9)]",376.0,-37.7988344,144.9542646,0,8.638,13.341278099999998
ORDA02822,2018-04-26,11:43:05,Breakfast,BK,"[('Pancake', 3), ('Coffee', 10)]",147.75,-37.804658700000005,144.97134519999997,0,7.081,11.963499699999998
ORDK06740,2018-05-18,12:33:48,Lunch,BK,"[('Salad', 10), ('Steak', 6), ('Chicken', 9), ('Fries', 1)]",742.0,-37.8044515,144.9432776,0,9.205,15.193569
ORDB05705,2018-09-23,16:47:19,Dinner,TP,"[('Fish&Chips', 9), ('Shrimp', 6), ('Pasta', 9)]",886.5,-37.7990932,144.97874840000003,0,10.359000000000002,15.526038199999999
ORDZ00587,2018-10-08,17:17:44,Dinner,NS,"[('Shrimp', 4), ('Fish&Chips', 5), ('Pasta', 1), ('Salmon', 8)]",746.5,-37.8028167,144.96650680000002,0,6.656000000000001,12.4374217
ORDJ03672,2018-06-12,13:24:30,Lunch,TP,"[('Steak', 9), ('Burger', 10), ('Chicken', 6), ('Salad', 5)]",993.0,-37.8063138,144.94735669999997,0,9.863,12.8879235
ORDI09012,2018-08-17,15:36:20,Lunch,NS,"[('Salad', 1), ('Burger', 9), ('Fries', 7)]",380.2,-37.8144339,144.9491375,0,9.802,15.034505900000001
ORDX03961,2018-03-07,10:01:41,Breakfast,BK,"[('Pancake', 6), ('Cereal', 10), ('Coffee', 8)]",415.5,-37.8071932,144.9674688,0,7.027,11.6338852
ORDI07101,2018-06-09,13:14:21,Lunch,NS,"[('Salad', 5), ('Chicken', 7), ('Fries', 6), ('Steak', 3)]",517.0,-37.8019746,145.0112368,0,10.02,17.073285100000003
ORDI03653,2018-07-01,13:54:55,Lunch,NS,"[('Chicken', 4), ('Burger', 6), ('Salad', 8)]",451.6,-37.818611700000005,144.96779809999998,0,8.472999999999999,15.8209315
ORDA07353,2018-02-17,09:31:16,Breakfast,BK,"[('Eggs', 7), ('Cereal', 1)]",175.0,-37.8219252,144.93758269999998,0,10.467,17.610979699999998
ORDA06921,2018-04-13,11:22:49,Breakfast,BK,"[('Pancake', 6), ('Cereal', 4), ('Coffee', 8), ('Eggs', 1)]",311.5,-37.8001616,144.9460332,0,9.222000000000001,14.272259900000002
ORDA00795,2018-02-13,09:21:07,Breakfast,BK,"[('Eggs', 5), ('Pancake', 6), ('Coffee', 6), ('Cereal', 8)]",468.5,-37.8054093,144.942993,0,9.299,14.2609402
ORDZ06355,2018-04-05,11:02:32,Breakfast,NS,"[('Eggs', 2), ('Pancake', 2)]",92.5,-37.8189711,144.95199440000002,0,9.342,14.129274300000002
ORDZ04415,2018-07-23,14:45:38,Lunch,NS,"[('Salad', 6), ('Steak', 2), ('Burger', 3), ('Chicken', 5), ('Fries', 9)]",554.2,-37.811785,144.9887435,0,8.689,13.9945837
ORDK00719,2018-01-30,08:50:42,Breakfast,BK,"[('Coffee', 9), ('Eggs', 5), ('Pancake', 5)]",298.75,-37.823167600000005,144.97813180000003,0,7.187,12.2066341
ORDY06610,2018-05-10,12:13:31,Lunch,TP,"[('Steak', 4), ('Burger', 8)]",428.0,-37.801987700000005,144.96377230000002,0,9.531,13.060897
ORDZ09309,2018-12-12,19:29:34,Dinner,NS,"[('Shrimp', 5), ('Pasta', 7)]",462.5,-37.8201663,144.9506055,0,9.53,15.4480566
ORDJ08978,2018-05-06,12:03:22,Lunch,TP,"[('Salad', 6), ('Steak', 3), ('Chicken', 3), ('Burger', 8), ('Fries', 8)]",678.2,-37.7995189,144.9745144,0,10.198,15.252917800000002
ORDJ02562,2018-04-19,11:32:57,Breakfast,TP,"[('Cereal', 3), ('Pancake', 4)]",160.0,-37.8021441,144.9330592,0,11.130999999999998,13.579631699999998
ORDJ02911,2018-06-18,13:34:38,Lunch,TP,"[('Steak', 1), ('Burger', 8), ('Salad', 8)]",430.6,-37.8227542,145.0140718,0,11.885,14.973310399999999
ORDA00491,2018-07-15,14:25:21,Lunch,BK,"[('Salad', 6), ('Steak', 3)]",238.2,-37.8186623,144.9928325,0,5.492000000000001,13.3155625
ORDA06661,2018-06-17,13:34:38,Lunch,BK,"[('Burger', 2), ('Salad', 2), ('Steak', 10)]",546.4,-37.80155870000001,144.9643303,0,7.9,16.8625102
ORDJ04290,2018-04-05,11:02:32,Breakfast,TP,"[('Coffee', 7), ('Cereal', 4), ('Eggs', 1), ('Pancake', 1)]",182.75,-37.818295899999995,144.9648777,0,7.547999999999999,10.202914999999999
ORDX01523,2018-08-16,15:26:11,Lunch,BK,"[('Fries', 9), ('Burger', 7), ('Chicken', 1), ('Salad', 4)]",425.8,-37.810638899999994,145.0006749,0,4.078,9.569285
ORDY06670,2018-03-25,10:42:15,Breakfast,TP,"[('Eggs', 4), ('Coffee', 10)]",163.0,-37.8104539,144.97297680000003,0,8.961,13.1531734
ORDB07912,2018-06-22,13:34:38,Lunch,TP,"[('Steak', 5), ('Fries', 9), ('Burger', 5)]",488.0,-37.8173094,144.96132340000003,0,7.935,11.0474209
ORDJ02092,2018-01-09,08:10:08,Breakfast,TP,"[('Eggs', 5), ('Coffee', 1), ('Cereal', 3)]",180.5,-37.805816899999996,144.9812881,1,10.003,6.0185659000000005
ORDZ09871,2018-06-06,13:04:13,Lunch,NS,"[('Steak', 2), ('Fries', 5), ('Chicken', 10), ('Salad', 6), ('Burger', 5)]",728.2,-37.8033927,144.9492205,0,8.532,14.0334182
ORDC09580,2018-09-08,16:16:54,Dinner,NS,"[('Salmon', 10), ('Fish&Chips', 8), ('Pasta', 7)]",882.5,-37.8209791,144.9765768,0,8.7,16.9551119
ORDJ10323,2018-10-01,17:07:36,Dinner,TP,"[('Salmon', 6), ('Shrimp', 10), ('Fish&Chips', 10)]",1136.0,-37.8118383,144.9753622,0,8.863999999999999,13.2525163
ORDI05006,2018-12-30,20:00:00,Dinner,NS,"[('Shrimp', 6), ('Fish&Chips', 4)]",464.0,-37.8158064,144.9373219,0,10.031,18.189695
ORDY10160,2018-03-05,10:01:41,Breakfast,TP,"[('Pancake', 1), ('Eggs', 8), ('Coffee', 10), ('Cereal', 3)]",338.25,-37.8151395,144.95044099999998,0,9.847000000000001,12.0089814
ORDC02848,2018-12-25,19:49:51,Dinner,NS,"[('Shrimp', 4), ('Fish&Chips', 2)]",286.0,-37.817803399999995,144.93174399999998,0,9.531,15.9773664
ORDI05546,2018-01-08,08:10:08,Breakfast,NS,"[('Pancake', 4), ('Cereal', 7)]",244.0,-37.8086573,145.0058791,1,9.959,7.9368259000000005
ORDX09281,2018-02-12,09:21:07,Breakfast,BK,"[('Pancake', 9), ('Coffee', 8)]",278.25,-37.809954600000005,144.9697511,0,6.941,11.3953444
ORDY04436,2018-04-05,11:02:32,Breakfast,TP,"[('Eggs', 2), ('Coffee', 3), ('Pancake', 10), ('Cereal', 10)]",519.0,-37.817725700000004,144.9518751,0,8.735,11.443986500000001
ORDZ01493,2018-02-03,09:00:50,Breakfast,NS,"[('Eggs', 3), ('Coffee', 5)]",103.5,-37.809764799999996,144.97825769999997,0,7.686,15.1241568
ORDI04593,2018-03-03,10:01:41,Breakfast,NS,"[('Cereal', 6), ('Eggs', 4)]",214.0,-37.8074154,144.9782669,0,7.4079999999999995,14.457722400000002
ORDC02980,2018-03-04,10:01:41,Breakfast,NS,"[('Eggs', 3), ('Pancake', 3)]",138.75,-37.8024487,144.96314950000001,0,6.962999999999999,14.110672899999999
ORDK07839,2018-01-10,08:10:08,Breakfast,BK,"[('Pancake', 2), ('Eggs', 1), ('Coffee', 9), ('Cereal', 1)]",159.0,-37.8031312,144.929427,1,10.562000000000001,7.425896400000001
ORDC03733,2018-12-09,19:19:26,Dinner,NS,"[('Fish&Chips', 2), ('Pasta', 4), ('Shrimp', 1)]",234.0,-37.8196616,144.9907291,0,9.53,17.2567945
ORDY01961,2018-12-07,19:19:26,Dinner,TP,"[('Fish&Chips', 6), ('Pasta', 9)]",457.5,-37.8184191,144.966193,0,7.721,12.1518401
ORDJ10978,2018-03-05,10:01:41,Breakfast,TP,"[('Pancake', 6), ('Cereal', 5)]",250.5,-37.80589620000001,144.9443458,0,10.092,12.579597300000001
ORDX02307,2018-06-21,13:34:38,Lunch,BK,"[('Fries', 6), ('Burger', 7), ('Chicken', 2), ('Salad', 1), ('Steak', 2)]",460.2,-37.806614399999994,144.96146159999998,0,7.57,13.6152492
ORDJ01991,2018-05-08,12:13:31,Lunch,TP,"[('Fries', 7), ('Steak', 6), ('Burger', 2)]",416.0,-37.8247028,144.94287219999998,0,9.257,12.684178999999999
ORDC03618,2018-12-25,19:49:51,Dinner,NS,"[('Shrimp', 9), ('Fish&Chips', 7), ('Pasta', 6)]",896.0,-37.815825399999994,145.01009069999998,0,10.909,16.947687600000002
ORDZ01601,2018-03-08,10:11:49,Breakfast,NS,"[('Pancake', 9), ('Cereal', 6)]",344.25,-37.813465,144.96008510000001,0,8.109,12.716605300000001
ORDX04077,2018-12-27,20:00:00,Dinner,BK,"[('Fish&Chips', 6), ('Salmon', 7), ('Pasta', 3)]",579.5,-37.81225379999999,144.93866359999998,0,9.911,17.0073583
ORDY04777,2018-10-19,17:38:01,Dinner,TP,"[('Pasta', 7), ('Fish&Chips', 10), ('Shrimp', 10)]",1082.5,-37.816770700000006,144.99479519999997,0,10.243,14.401931099999999
ORDZ09948,2018-05-18,12:33:48,Lunch,NS,"[('Chicken', 9), ('Steak', 1), ('Salad', 8), ('Burger', 9), ('Fries', 6)]",821.6,-37.8015905,144.98209319999998,0,7.309,13.2445342
ORDJ10986,2018-12-03,19:09:17,Dinner,TP,"[('Fish&Chips', 3), ('Salmon', 5), ('Shrimp', 4)]",526.0,-37.8175175,144.95917680000002,0,7.952000000000001,11.7510703
ORDK04574,2018-07-18,14:35:29,Lunch,BK,"[('Salad', 5), ('Steak', 7), ('Burger', 2), ('Fries', 3)]",499.0,-37.811865999999995,145.01304050000002,0,3.556,8.3682852
ORDY02914,2018-12-29,20:00:00,Dinner,TP,"[('Fish&Chips', 4), ('Shrimp', 10), ('Pasta', 6), ('Salmon', 10)]",1255.0,-37.8222945,144.9854354,0,9.17,14.665635199999999
ORDZ08952,2018-10-07,17:17:44,Dinner,NS,"[('Salmon', 3), ('Shrimp', 2), ('Pasta', 1), ('Fish&Chips', 6)]",468.5,-37.8194281,144.9611686,0,8.872,16.9892813
ORDA07631,2018-01-28,08:50:42,Breakfast,BK,"[('Coffee', 2), ('Pancake', 9), ('Eggs', 8)]",409.25,-37.8246362,144.9568396,0,8.836,16.7574355
ORDJ05496,2018-08-29,15:56:37,Lunch,TP,"[('Steak', 1), ('Fries', 6), ('Chicken', 10), ('Burger', 2)]",499.0,-37.811879600000005,144.9564656,0,8.632,12.4395103
ORDJ00808,2018-06-14,13:24:30,Lunch,TP,"[('Salad', 5), ('Steak', 8), ('Burger', 3), ('Fries', 4)]",587.0,-37.8132681,144.96546999999998,0,8.232999999999999,11.6946814
ORDX09876,2018-08-05,15:05:54,Lunch,BK,"[('Fries', 3), ('Chicken', 1)]",68.0,-37.815000700000006,144.952358,0,8.597000000000001,17.0948264
ORDZ04378,2018-08-06,15:05:54,Lunch,NS,"[('Chicken', 9), ('Fries', 6), ('Steak', 6), ('Salad', 4), ('Burger', 6)]",884.8,-37.8046753,144.99815,0,8.999,14.788022
ORDZ07045,2018-03-29,10:52:23,Breakfast,NS,"[('Eggs', 4), ('Coffee', 7), ('Pancake', 8)]",334.5,-37.8164343,144.96530769999998,0,8.281,13.208937900000002
ORDA03788,2018-02-11,09:21:07,Breakfast,BK,"[('Coffee', 6), ('Cereal', 7), ('Eggs', 8)]",368.0,-37.810201,144.9695499,0,6.974,14.2692746
ORDI10881,2018-10-30,17:58:18,Dinner,NS,"[('Fish&Chips', 10), ('Shrimp', 6)]",674.0,-37.80608,144.9401291,0,10.273,15.9948973
ORDX05484,2018-07-20,14:35:29,Lunch,BK,"[('Salad', 10), ('Fries', 3), ('Burger', 3)]",301.0,-37.806304499999996,144.9496603,0,8.686,15.258999800000002
ORDC05150,2018-05-09,12:13:31,Lunch,NS,"[('Fries', 1), ('Chicken', 4), ('Steak', 8), ('Salad', 5), ('Burger', 1)]",617.0,-37.8174734,144.98987639999999,0,9.22,15.170768099999998
